gender,first_name,last_name,email,birth_date,country,job,phone_number,customer_id
M,Ryan,Chang,ryan.chang@williams-sheppard.info,1997-07-22,Uruguay,Immunologist,459.638.2421x9489,CUST001
F,Annette,Jones,annette.jones@rivera.com,1983-12-01,Micronesia,Publishing rights manager,584.708.0160x975,CUST002
M,Michael,Brown,michael.brown@walker.net,2000-06-26,Bermuda,Catering manager,687-914-8418x58398,CUST003
M,Brandon,Yates,brandon.yates@johnston-roberts.com,1982-09-16,Antigua and Barbuda,Video editor,+1-547-511-2201x86848,CUST004
M,Steven,Lawrence,steven.lawrence@riley-hayes.com,1975-08-10,Greece,Video editor,579-753-3041,CUST005
F,Rebecca,Cook,rebecca.cook@garcia.com,1973-01-29,Svalbard & Jan Mayen Islands,"Teacher, secondary school",+1-389-210-1399x1615,CUST006
F,Lisa,Lee,lisa.lee@robbins.com,1974-02-27,Vietnam,Advice worker,+1-769-814-1314,CUST007
M,Christopher,Gordon,christopher.gordon@carlson.biz,1983-07-27,Eritrea,Mechanical engineer,001-979-423-0225x8419,CUST008
M,Adam,Maldonado,adam.maldonado@golden.biz,1987-01-28,Cape Verde,"Surveyor, mining",001-607-715-0842x375,CUST009
M,Kevin,Mcclain,kevin.mcclain@anderson.com,1970-02-07,Nepal,"Engineer, agricultural",001-852-233-7696x069,CUST010
M,Christopher,Brown,christopher.brown@moore.net,1970-01-02,Turks and Caicos Islands,Arboriculturist,754.270.6381x2066,CUST011
M,Daniel,Love,daniel.love@baird.net,1976-08-27,Comoros,Commissioning editor,+1-334-642-1761x047,CUST012
M,Casey,Meyer,casey.meyer@newman.com,1972-11-17,Armenia,"Engineer, land",+1-548-855-9097x76582,CUST013
F,Laurie,Smith,laurie.smith@nelson.com,1976-05-18,Guadeloupe,Web designer,4046229456,CUST014
M,Brian,Cross,brian.cross@parker.com,1990-08-06,Iraq,Land/geomatics surveyor,861-218-7755x1717,CUST015
M,Eric,Navarro,eric.navarro@gillespie.org,1995-07-23,Sri Lanka,Chartered loss adjuster,613-930-6016,CUST016
M,Thomas,Kramer,thomas.kramer@shelton.com,1981-05-03,Jersey,"Engineer, agricultural",(211)508-7317x643,CUST017
F,Loretta,Garcia,loretta.garcia@gray-payne.com,1977-02-16,Nepal,Ranger/warden,(596)568-7577,CUST018
M,Adam,Thornton,adam.thornton@nolan.com,1987-06-25,Netherlands,"Designer, furniture",(294)971-1801x3204,CUST019
F,Erin,Martin,erin.martin@melton.com,2004-05-13,Hong Kong,Senior tax professional/tax inspector,809.518.9163x48967,CUST020
F,Sarah,Yates,sarah.yates@mcclure.org,1987-04-26,Grenada,Brewing technologist,244.966.6022x3450,CUST021
M,Jason,Vasquez,jason.vasquez@love.com,1997-12-23,Argentina,Veterinary surgeon,767.301.7200x992,CUST022
M,Michael,Banks,michael.banks@reyes.com,1974-02-04,New Zealand,"Psychologist, sport and exercise",+1-851-994-2641x830,CUST023
M,Jacob,Lee,jacob.lee@clarke-jones.com,1972-09-20,Libyan Arab Jamahiriya,Freight forwarder,8896933188,CUST024
F,Theresa,Thomas,theresa.thomas@henderson.com,1976-10-01,Israel,"Designer, furniture",001-707-266-0754x1511,CUST025
F,Haley,Thompson,haley.thompson@fuentes.org,1979-10-02,Cote d'Ivoire,"Accountant, chartered certified",410.945.0932,CUST026
F,Ashley,Cooper,ashley.cooper@anderson-levy.com,1992-10-18,Lebanon,"Horticulturist, commercial",485-529-1189x4262,CUST027
M,Ethan,Sanchez,ethan.sanchez@carter.com,1978-12-31,Netherlands Antilles,Advertising art director,(311)526-4862x9645,CUST028
M,Jeremy,Wood,jeremy.wood@brown.com,2000-01-12,Costa Rica,Meteorologist,871-821-4189x2762,CUST029
M,Christopher,Chung,christopher.chung@giles-thomas.info,1975-11-20,Liberia,"Engineer, electronics",807-997-0341x4892,CUST030
F,Anna,Jimenez,anna.jimenez@stephens.com,1971-06-22,British Indian Ocean Territory (Chagos Archipelago),Geophysicist/field seismologist,+1-300-246-8967x14543,CUST031
M,Benjamin,Baker,benjamin.baker@morgan.com,1974-08-20,Israel,Horticultural consultant,982-798-3816x8644,CUST032
F,Laura,Taylor,laura.taylor@terry.biz,2001-11-04,Burundi,"Surveyor, minerals",+1-445-976-3778x57074,CUST033
F,Amy,Howell,amy.howell@kelly.com,2005-11-07,Bangladesh,Ceramics designer,+1-560-350-1904x43294,CUST034
M,Jeffrey,Moran,jeffrey.moran@jackson-fisher.biz,1980-01-28,Kiribati,Data scientist,552.232.7566x76337,CUST035
F,Susan,Johnson,susan.johnson@miller.com,1985-11-10,New Zealand,Human resources officer,+1-918-945-6708x869,CUST036
M,David,Alvarez,david.alvarez@adams-williams.com,1993-10-21,Afghanistan,Horticultural consultant,+1-302-316-3968x3735,CUST037
F,Rebecca,Morris,rebecca.morris@barry-scott.net,1973-01-07,Comoros,"Merchandiser, retail",838-653-3444,CUST038
M,John,Wiggins,john.wiggins@williams.com,1970-08-17,Kuwait,Research scientist (life sciences),001-870-567-7711x1312,CUST039
F,Jessica,Jones,jessica.jones@hansen-tanner.biz,1972-09-05,Cocos (Keeling) Islands,Fisheries officer,632.945.5618x4983,CUST040
F,Kayla,Murray,kayla.murray@green.com,1981-09-29,Saint Martin,Patent examiner,834.608.8601,CUST041
F,Bailey,Mclaughlin,bailey.mclaughlin@hall-moran.net,1989-03-15,Cyprus,Film/video editor,484-453-5749,CUST042
M,Robert,Tran,robert.tran@richardson-walters.com,1996-12-02,Cape Verde,"Editor, film/video",412.937.9332x36599,CUST043
F,Stephanie,Rodriguez,stephanie.rodriguez@fox.info,2001-01-02,Georgia,"Administrator, charities/voluntary organisations",482.877.8514,CUST044
M,Michael,Underwood,michael.underwood@cruz-brown.com,1991-06-13,Saint Kitts and Nevis,Fisheries officer,273-945-2405x98025,CUST045
M,Mark,Johnson,mark.johnson@smith.com,1974-07-12,Swaziland,Biomedical engineer,(862)237-6254x256,CUST046
M,Jason,Baker,jason.baker@ballard.com,1978-05-06,Ireland,Newspaper journalist,(508)429-8215,CUST047
M,David,Johnson,david.johnson@newton.net,1981-06-15,Saint Barthelemy,Careers information officer,(991)397-2990x45600,CUST048
M,Ian,Powers,ian.powers@young-kelly.biz,1992-12-23,Faroe Islands,"Research officer, government",(904)884-8708x9840,CUST049
F,Mikayla,Powell,mikayla.powell@williams-nelson.com,1987-04-13,Pitcairn Islands,Television camera operator,001-543-788-5643x195,CUST050
F,Carla,Parrish,carla.parrish@rivera.com,1973-06-27,Mongolia,"Designer, furniture",(254)945-7696x202,CUST051
M,Calvin,Noble,calvin.noble@castillo.com,1982-10-09,Bangladesh,Stage manager,(642)682-1291x88966,CUST052
M,Dustin,Patterson,dustin.patterson@ramirez.com,1993-04-17,Comoros,Podiatrist,(808)529-6570,CUST053
F,Stephanie,Cox,stephanie.cox@frazier.com,2003-10-27,Andorra,Fisheries officer,001-934-326-1973,CUST054
M,Tyler,Martin,tyler.martin@reilly.biz,1988-07-01,El Salvador,Press sub,001-859-251-4070x43666,CUST055
F,Lauren,Gomez,lauren.gomez@martinez.com,1997-02-02,Lebanon,"Scientist, research (maths)",(301)995-5013,CUST056
M,Andrew,Hebert,andrew.hebert@edwards.com,1997-08-28,Paraguay,Curator,+1-226-848-0222x708,CUST057
F,Tiffany,Cooper,tiffany.cooper@hess.com,1983-09-20,South Georgia and the South Sandwich Islands,Games developer,744-387-2782x09280,CUST058
F,Cheryl,Gibbs,cheryl.gibbs@allen.com,1979-03-07,Lebanon,"Surveyor, commercial/residential",7819850116,CUST059
M,George,Gray,george.gray@archer-hensley.com,1979-04-06,Ghana,Advice worker,(620)859-3060,CUST060
F,Susan,Burke,susan.burke@jackson.biz,1973-09-04,Kazakhstan,Marine scientist,+1-894-349-7620x743,CUST061
F,Heather,Martinez,heather.martinez@smith-powell.com,1991-12-20,Korea,"Surveyor, building",001-777-310-8640x8115,CUST062
F,Kaitlin,Johnson,kaitlin.johnson@garrett.biz,1992-12-24,Cayman Islands,Sports therapist,001-522-522-3950x760,CUST063
M,Mark,Murphy,mark.murphy@bell.biz,2001-07-02,Haiti,Systems analyst,(469)202-9062,CUST064
F,Allison,Morris,allison.morris@johnson.org,1980-01-19,Slovakia (Slovak Republic),"Designer, ceramics/pottery",+1-360-466-9532x58386,CUST065
F,Jennifer,Hopkins,jennifer.hopkins@reynolds.com,2002-01-23,Hong Kong,Equality and diversity officer,(937)569-1448x5809,CUST066
F,Desiree,Carr,desiree.carr@maynard-rodriguez.com,1979-10-25,Rwanda,"Nurse, children's",4667617972,CUST067
F,Kara,Moore,kara.moore@gill-rodriguez.com,1993-07-04,Cambodia,Materials engineer,001-878-203-4295x46048,CUST068
M,Michael,Adams,michael.adams@clark.com,1981-04-12,Antarctica (the territory South of 60 deg S),Planning and development surveyor,001-467-411-6882,CUST069
F,Christine,Perez,christine.perez@taylor.org,1989-08-08,Saint Barthelemy,Legal executive,+1-816-742-5858x26843,CUST070
F,Jeanette,Ruiz,jeanette.ruiz@oconnell-forbes.com,1980-06-25,Cameroon,"Accountant, chartered public finance",001-698-413-9981,CUST071
M,James,Leon,james.leon@wilson.info,1991-08-31,Botswana,Production manager,(494)873-2881x820,CUST072
M,Lee,Clark,lee.clark@sutton.biz,1981-08-29,Turks and Caicos Islands,Prison officer,001-906-219-6538,CUST073
F,Karen,Garcia,karen.garcia@henry.com,1985-08-20,Mauritius,Medical sales representative,(849)327-1176,CUST074
F,Deborah,Hall,deborah.hall@phillips.com,1979-06-08,Palestinian Territory,Barista,+1-729-783-0068x97178,CUST075
M,Shane,Jennings,shane.jennings@perez.com,1985-04-14,Algeria,Research scientist (life sciences),(585)611-4963x562,CUST076
F,Taylor,Newton,taylor.newton@keller-harrington.com,1996-02-26,New Zealand,"Conservation officer, nature",001-316-958-7355x64564,CUST077
M,Steven,Martinez,steven.martinez@cooper.com,1993-01-03,Luxembourg,Estate manager/land agent,866-678-7993,CUST078
M,John,Edwards,john.edwards@smith.com,1999-05-10,Australia,Teaching laboratory technician,001-206-814-3521x25030,CUST079
F,Kimberly,Anderson,kimberly.anderson@obrien.info,1983-06-15,Thailand,Accommodation manager,896.218.2336x67063,CUST080
M,Luis,Adams,luis.adams@reed.info,1979-02-22,Nepal,"Scientist, forensic",841-514-0292,CUST081
F,Laura,Keller,laura.keller@fisher.com,1977-03-07,Puerto Rico,Public relations officer,887-672-7852,CUST082
M,James,Cunningham,james.cunningham@wilkins-boyer.info,1986-11-28,Guernsey,Quarry manager,001-460-570-8673x63477,CUST083
F,Jessica,Ward,jessica.ward@greene-noble.net,1975-12-17,Comoros,Hydrologist,510.425.0592x76367,CUST084
M,James,Cobb,james.cobb@barron-fleming.net,1982-10-08,Saint Kitts and Nevis,Land,(588)999-6297,CUST085
F,Amanda,Freeman,amanda.freeman@bridges.com,1974-03-28,Burkina Faso,Financial manager,793.918.6457x325,CUST086
M,James,Branch,james.branch@singleton-mcdonald.com,1984-12-15,Saudi Arabia,Clothing/textile technologist,001-826-578-3500x63169,CUST087
M,Mark,Yu,mark.yu@taylor.biz,2007-01-06,Mauritania,Brewing technologist,397-203-6954,CUST088
M,Randall,Allen,randall.allen@matthews.com,1980-06-09,Lao People's Democratic Republic,Further education lecturer,597-643-6685,CUST089
F,Taylor,Williams,taylor.williams@sims-elliott.com,2005-11-19,Lesotho,"Presenter, broadcasting",660-816-9220x16304,CUST090
F,Ashley,Carter,ashley.carter@pratt.net,1974-01-21,Guadeloupe,"Scientist, biomedical",+1-302-870-4525,CUST091
F,Tina,Chang,tina.chang@duncan-meyer.org,1978-09-23,Libyan Arab Jamahiriya,Animal nutritionist,635.718.3236x39752,CUST092
M,William,Kelley,william.kelley@robinson.com,1988-11-02,Monaco,Academic librarian,354-450-1904,CUST093
F,Michelle,Werner,michelle.werner@spencer.net,2006-03-13,Switzerland,Osteopath,619-275-2436,CUST094
F,Allison,Smith,allison.smith@jones-daugherty.com,1991-07-27,Mexico,Holiday representative,6385249066,CUST095
M,David,Edwards,david.edwards@burns.com,1981-07-15,Mali,Arts development officer,476.903.1412,CUST096
M,Adrian,Molina,adrian.molina@gutierrez.com,1997-07-04,Jersey,Public affairs consultant,001-602-285-3323x422,CUST097
M,Christopher,Lin,christopher.lin@butler.com,1978-10-07,Turkmenistan,Television camera operator,+1-523-884-0730x62686,CUST098
M,Joseph,Snyder,joseph.snyder@foley.com,1975-07-25,Algeria,Financial manager,001-267-246-5641x2933,CUST099
F,Kayla,Jones,kayla.jones@wright-mckinney.com,2004-09-07,French Guiana,"Administrator, Civil Service",+1-825-755-4842x073,CUST100
M,John,Alexander,john.alexander@cardenas-pace.com,1993-10-01,Timor-Leste,Toxicologist,(469)468-4933x6348,CUST101
